SALES_UNITS,percent_units,product_class,start_date,end_date,profile_months
1937.0,8.513537271448664,NON APPAREL FOOTWEAR WMNS SEAS,2016-01-31,2016-03-01,1
2721.0,11.959388185654008,NON APPAREL FOOTWEAR WMNS SEAS,2016-01-31,2016-03-01,1
5982.0,26.292194092827003,NON APPAREL FOOTWEAR WMNS SEAS,2016-01-31,2016-03-01,1
7547.0,33.17071026722925,NON APPAREL FOOTWEAR WMNS SEAS,2016-01-31,2016-03-01,1
4563.0,20.055379746835442,NON APPAREL FOOTWEAR WMNS SEAS,2016-01-31,2016-03-01,1
4596.0,9.148271263361133,NON APPAREL FOOTWEAR WMNS SEAS,2016-03-01,2016-03-31,1
5997.0,11.93694142001234,NON APPAREL FOOTWEAR WMNS SEAS,2016-03-01,2016-03-31,1
12265.0,24.413304404944366,NON APPAREL FOOTWEAR WMNS SEAS,2016-03-01,2016-03-31,1
16781.0,33.40233682995282,NON APPAREL FOOTWEAR WMNS SEAS,2016-03-01,2016-03-31,1
10598.0,21.095165110770516,NON APPAREL FOOTWEAR WMNS SEAS,2016-03-01,2016-03-31,1
4070.0,9.353526532300691,NON APPAREL FOOTWEAR WMNS SEAS,2016-03-31,2016-04-30,1
4880.0,11.21503918369223,NON APPAREL FOOTWEAR WMNS SEAS,2016-03-31,2016-04-30,1
10584.0,24.323765311516098,NON APPAREL FOOTWEAR WMNS SEAS,2016-03-31,2016-04-30,1
14590.0,33.53020936271919,NON APPAREL FOOTWEAR WMNS SEAS,2016-03-31,2016-04-30,1
9387.0,21.572863282237492,NON APPAREL FOOTWEAR WMNS SEAS,2016-03-31,2016-04-30,1
6251.0,9.393219931478031,NON APPAREL FOOTWEAR WMNS SEAS,2016-04-30,2016-05-30,1
7424.0,11.155857426218668,NON APPAREL FOOTWEAR WMNS SEAS,2016-04-30,2016-05-30,1
15883.0,23.866983230149668,NON APPAREL FOOTWEAR WMNS SEAS,2016-04-30,2016-05-30,1
22358.0,33.59680230810843,NON APPAREL FOOTWEAR WMNS SEAS,2016-04-30,2016-05-30,1
14631.0,21.985634429284126,NON APPAREL FOOTWEAR WMNS SEAS,2016-04-30,2016-05-30,1
5990.0,9.558764860767573,NON APPAREL FOOTWEAR WMNS SEAS,2016-05-30,2016-06-29,1
6609.0,10.54655708928429,NON APPAREL FOOTWEAR WMNS SEAS,2016-05-30,2016-06-29,1
13357.0,21.31492858852629,NON APPAREL FOOTWEAR WMNS SEAS,2016-05-30,2016-06-29,1
21874.0,34.90624750658262,NON APPAREL FOOTWEAR WMNS SEAS,2016-05-30,2016-06-29,1
14832.0,23.66871459347323,NON APPAREL FOOTWEAR WMNS SEAS,2016-05-30,2016-06-29,1
4834.0,12.215090716126749,NON APPAREL FOOTWEAR WMNS SEAS,2016-06-29,2016-07-29,1
4319.0,10.913731237681306,NON APPAREL FOOTWEAR WMNS SEAS,2016-06-29,2016-07-29,1
6568.0,16.596755445494516,NON APPAREL FOOTWEAR WMNS SEAS,2016-06-29,2016-07-29,1
13197.0,33.34765249911558,NON APPAREL FOOTWEAR WMNS SEAS,2016-06-29,2016-07-29,1
10612.0,26.81558599080204,NON APPAREL FOOTWEAR WMNS SEAS,2016-06-29,2016-07-29,1
35.0,14.957264957264957,NON APPAREL FOOTWEAR WMNS SEAS,2016-07-29,2016-08-28,1
20.0,8.547008547008547,NON APPAREL FOOTWEAR WMNS SEAS,2016-07-29,2016-08-28,1
38.0,16.23931623931624,NON APPAREL FOOTWEAR WMNS SEAS,2016-07-29,2016-08-28,1
81.0,34.61538461538461,NON APPAREL FOOTWEAR WMNS SEAS,2016-07-29,2016-08-28,1
58.0,24.786324786324787,NON APPAREL FOOTWEAR WMNS SEAS,2016-07-29,2016-08-28,1
14.0,10.606060606060606,NON APPAREL FOOTWEAR WMNS SEAS,2016-08-28,2016-09-27,1
7.0,5.303030303030303,NON APPAREL FOOTWEAR WMNS SEAS,2016-08-28,2016-09-27,1
20.0,15.151515151515152,NON APPAREL FOOTWEAR WMNS SEAS,2016-08-28,2016-09-27,1
58.0,43.93939393939394,NON APPAREL FOOTWEAR WMNS SEAS,2016-08-28,2016-09-27,1
33.0,25.0,NON APPAREL FOOTWEAR WMNS SEAS,2016-08-28,2016-09-27,1
4.0,9.090909090909092,NON APPAREL FOOTWEAR WMNS SEAS,2016-09-27,2016-10-27,1
2.0,4.545454545454546,NON APPAREL FOOTWEAR WMNS SEAS,2016-09-27,2016-10-27,1
3.0,6.818181818181818,NON APPAREL FOOTWEAR WMNS SEAS,2016-09-27,2016-10-27,1
9.0,20.454545454545453,NON APPAREL FOOTWEAR WMNS SEAS,2016-09-27,2016-10-27,1
15.0,34.09090909090909,NON APPAREL FOOTWEAR WMNS SEAS,2016-09-27,2016-10-27,1
11.0,25.0,NON APPAREL FOOTWEAR WMNS SEAS,2016-09-27,2016-10-27,1
7.0,11.666666666666666,NON APPAREL FOOTWEAR WMNS SEAS,2016-10-27,2016-11-26,1
7.0,11.666666666666666,NON APPAREL FOOTWEAR WMNS SEAS,2016-10-27,2016-11-26,1
10.0,16.666666666666668,NON APPAREL FOOTWEAR WMNS SEAS,2016-10-27,2016-11-26,1
21.0,35.0,NON APPAREL FOOTWEAR WMNS SEAS,2016-10-27,2016-11-26,1
15.0,25.0,NON APPAREL FOOTWEAR WMNS SEAS,2016-10-27,2016-11-26,1
8.0,12.307692307692308,NON APPAREL FOOTWEAR WMNS SEAS,2016-11-26,2016-12-26,1
2.0,3.076923076923077,NON APPAREL FOOTWEAR WMNS SEAS,2016-11-26,2016-12-26,1
9.0,13.846153846153847,NON APPAREL FOOTWEAR WMNS SEAS,2016-11-26,2016-12-26,1
7.0,10.76923076923077,NON APPAREL FOOTWEAR WMNS SEAS,2016-11-26,2016-12-26,1
16.0,24.615384615384617,NON APPAREL FOOTWEAR WMNS SEAS,2016-11-26,2016-12-26,1
23.0,35.38461538461539,NON APPAREL FOOTWEAR WMNS SEAS,2016-11-26,2016-12-26,1
35.0,19.886363636363637,NON APPAREL FOOTWEAR WMNS SEAS,2016-12-26,2017-01-25,1
2.0,1.1363636363636365,NON APPAREL FOOTWEAR WMNS SEAS,2016-12-26,2017-01-25,1
17.0,9.659090909090908,NON APPAREL FOOTWEAR WMNS SEAS,2016-12-26,2017-01-25,1
21.0,11.931818181818182,NON APPAREL FOOTWEAR WMNS SEAS,2016-12-26,2017-01-25,1
47.0,26.704545454545453,NON APPAREL FOOTWEAR WMNS SEAS,2016-12-26,2017-01-25,1
53.0,30.113636363636363,NON APPAREL FOOTWEAR WMNS SEAS,2016-12-26,2017-01-25,1
10603.0,9.100975073817208,NON APPAREL FOOTWEAR WMNS SEAS,2016-01-31,2016-04-29,3
13598.0,11.6717022591499,NON APPAREL FOOTWEAR WMNS SEAS,2016-01-31,2016-04-29,3
28831.0,24.746789809791938,NON APPAREL FOOTWEAR WMNS SEAS,2016-01-31,2016-04-29,3
38918.0,33.404861635652,NON APPAREL FOOTWEAR WMNS SEAS,2016-01-31,2016-04-29,3
24548.0,21.070521183822013,NON APPAREL FOOTWEAR WMNS SEAS,2016-01-31,2016-04-29,3
17075.0,10.116300425980674,NON APPAREL FOOTWEAR WMNS SEAS,2016-04-29,2016-07-27,3
18352.0,10.8728752806792,NON APPAREL FOOTWEAR WMNS SEAS,2016-04-29,2016-07-27,3
35808.0,21.21490399142114,NON APPAREL FOOTWEAR WMNS SEAS,2016-04-29,2016-07-27,3
57429.0,34.0245398046058,NON APPAREL FOOTWEAR WMNS SEAS,2016-04-29,2016-07-27,3
40075.0,23.7429422882094,NON APPAREL FOOTWEAR WMNS SEAS,2016-04-29,2016-07-27,3
45.0,12.195121951219512,NON APPAREL FOOTWEAR WMNS SEAS,2016-07-27,2016-10-24,3
29.0,7.8590785907859075,NON APPAREL FOOTWEAR WMNS SEAS,2016-07-27,2016-10-24,3
63.0,17.073170731707318,NON APPAREL FOOTWEAR WMNS SEAS,2016-07-27,2016-10-24,3
137.0,37.12737127371274,NON APPAREL FOOTWEAR WMNS SEAS,2016-07-27,2016-10-24,3
91.0,24.661246612466126,NON APPAREL FOOTWEAR WMNS SEAS,2016-07-27,2016-10-24,3
46.0,16.428571428571427,NON APPAREL FOOTWEAR WMNS SEAS,2016-10-24,2017-01-21,3
3.0,1.0714285714285714,NON APPAREL FOOTWEAR WMNS SEAS,2016-10-24,2017-01-21,3
30.0,10.714285714285714,NON APPAREL FOOTWEAR WMNS SEAS,2016-10-24,2017-01-21,3
36.0,12.857142857142858,NON APPAREL FOOTWEAR WMNS SEAS,2016-10-24,2017-01-21,3
78.0,27.857142857142858,NON APPAREL FOOTWEAR WMNS SEAS,2016-10-24,2017-01-21,3
86.0,30.714285714285715,NON APPAREL FOOTWEAR WMNS SEAS,2016-10-24,2017-01-21,3
16854.0,9.207219806393812,NON APPAREL FOOTWEAR WMNS SEAS,2016-01-31,2016-05-29,4
21022.0,11.48416843301357,NON APPAREL FOOTWEAR WMNS SEAS,2016-01-31,2016-05-29,4
44714.0,24.426938793348338,NON APPAREL FOOTWEAR WMNS SEAS,2016-01-31,2016-05-29,4
61276.0,33.47464108559316,NON APPAREL FOOTWEAR WMNS SEAS,2016-01-31,2016-05-29,4
39179.0,21.40320783165439,NON APPAREL FOOTWEAR WMNS SEAS,2016-01-31,2016-05-29,4
12319.0,10.388241445027237,NON APPAREL FOOTWEAR WMNS SEAS,2016-05-29,2016-09-25,4
12772.0,10.770242693066635,NON APPAREL FOOTWEAR WMNS SEAS,2016-05-29,2016-09-25,4
23697.0,19.982965948762924,NON APPAREL FOOTWEAR WMNS SEAS,2016-05-29,2016-09-25,4
40640.0,34.27048724132697,NON APPAREL FOOTWEAR WMNS SEAS,2016-05-29,2016-09-25,4
29109.0,24.546742448518376,NON APPAREL FOOTWEAR WMNS SEAS,2016-05-29,2016-09-25,4
54.0,15.211267605633802,NON APPAREL FOOTWEAR WMNS SEAS,2016-09-25,2017-01-22,4
6.0,1.6901408450704225,NON APPAREL FOOTWEAR WMNS SEAS,2016-09-25,2017-01-22,4
37.0,10.422535211267606,NON APPAREL FOOTWEAR WMNS SEAS,2016-09-25,2017-01-22,4
49.0,13.80281690140845,NON APPAREL FOOTWEAR WMNS SEAS,2016-09-25,2017-01-22,4
104.0,29.295774647887324,NON APPAREL FOOTWEAR WMNS SEAS,2016-09-25,2017-01-22,4
104.0,29.295774647887324,NON APPAREL FOOTWEAR WMNS SEAS,2016-09-25,2017-01-22,4
27678.0,9.701673028591859,NON APPAREL FOOTWEAR WMNS SEAS,2016-01-31,2016-07-27,5
31950.0,11.199091453989086,NON APPAREL FOOTWEAR WMNS SEAS,2016-01-31,2016-07-27,5
64639.0,22.657216666491408,NON APPAREL FOOTWEAR WMNS SEAS,2016-01-31,2016-07-27,5
96347.0,33.77148245125153,NON APPAREL FOOTWEAR WMNS SEAS,2016-01-31,2016-07-27,5
64623.0,22.651608357782052,NON APPAREL FOOTWEAR WMNS SEAS,2016-01-31,2016-07-27,5
91.0,14.021571648690292,NON APPAREL FOOTWEAR WMNS SEAS,2016-07-27,2017-01-21,5
59.0,9.090909090909092,NON APPAREL FOOTWEAR WMNS SEAS,2016-07-27,2017-01-21,5
99.0,15.254237288135593,NON APPAREL FOOTWEAR WMNS SEAS,2016-07-27,2017-01-21,5
215.0,33.12788906009245,NON APPAREL FOOTWEAR WMNS SEAS,2016-07-27,2017-01-21,5
177.0,27.272727272727273,NON APPAREL FOOTWEAR WMNS SEAS,2016-07-27,2017-01-21,5
27678.0,9.701673028591859,NON APPAREL FOOTWEAR WMNS SEAS,2016-01-31,2016-07-27,6
31950.0,11.199091453989086,NON APPAREL FOOTWEAR WMNS SEAS,2016-01-31,2016-07-27,6
64639.0,22.657216666491408,NON APPAREL FOOTWEAR WMNS SEAS,2016-01-31,2016-07-27,6
96347.0,33.77148245125153,NON APPAREL FOOTWEAR WMNS SEAS,2016-01-31,2016-07-27,6
64623.0,22.651608357782052,NON APPAREL FOOTWEAR WMNS SEAS,2016-01-31,2016-07-27,6
91.0,14.021571648690292,NON APPAREL FOOTWEAR WMNS SEAS,2016-07-27,2017-01-21,6
59.0,9.090909090909092,NON APPAREL FOOTWEAR WMNS SEAS,2016-07-27,2017-01-21,6
99.0,15.254237288135593,NON APPAREL FOOTWEAR WMNS SEAS,2016-07-27,2017-01-21,6
215.0,33.12788906009245,NON APPAREL FOOTWEAR WMNS SEAS,2016-07-27,2017-01-21,6
177.0,27.272727272727273,NON APPAREL FOOTWEAR WMNS SEAS,2016-07-27,2017-01-21,6
27773.0,9.712163546777358,NON APPAREL FOOTWEAR WMNS SEAS,2016-01-31,2017-01-22,12
32012.0,11.194533520305216,NON APPAREL FOOTWEAR WMNS SEAS,2016-01-31,2017-01-22,12
64740.0,22.639450834204663,NON APPAREL FOOTWEAR WMNS SEAS,2016-01-31,2017-01-22,12
96568.0,33.76963991593259,NON APPAREL FOOTWEAR WMNS SEAS,2016-01-31,2017-01-22,12
64805.0,22.662181206528164,NON APPAREL FOOTWEAR WMNS SEAS,2016-01-31,2017-01-22,12
